<?xml version="1.0" encoding="UTF-8"?>
<project version="4">
  <component name="CompilerConfiguration">
    <annotationProcessing>
      <profile default="true" name="Default" enabled="true" />
      <profile name="Annotation profile for banking" enabled="true">
        <sourceOutputDir name="target/generated-sources/annotations" />
        <sourceTestOutputDir name="target/generated-test-sources/test-annotations" />
        <outputRelativeToContentRoot value="true" />
        <processorPath useClasspath="false">
          <entry name="$MAVEN_REPOSITORY$/org/projectlombok/lombok/unknown/lombok-unknown.jar" />
        </processorPath>
        <module name="banking" />
      </profile>
    </annotationProcessing>
  </component>
  <component name="JavacSettings">
    <option name="ADDITIONAL_OPTIONS_OVERRIDE">
      <module name="banking" options="-parameters" />
    </option>
  </component>
</project>