<?xml version="1.0" encoding="UTF-8"?>
<project version="4">
  <component name="AutoImportSettings">
    <option name="autoReloadType" value="SELECTIVE" />
  </component>
  <component name="ChangeListManager">
    <list default="true" id="392928b4-4b9f-4994-8ef5-fe26a6afffa5" name="Changes" comment="" />
    <option name="SHOW_DIALOG" value="false" />
    <option name="HIGHLIGHT_CONFLICTS" value="true" />
    <option name="HIGHLIGHT_NON_ACTIVE_CHANGELIST" value="false" />
    <option name="LAST_RESOLUTION" value="IGNORE" />
  </component>
  <component name="FileTemplateManagerImpl">
    <option name="RECENT_TEMPLATES">
      <list>
        <option value="Interface" />
        <option value="Class" />
      </list>
    </option>
  </component>
  <component name="MavenImportPreferences">
    <option name="generalSettings">
      <MavenGeneralSettings>
        <option name="mavenHomeTypeForPersistence" value="WRAPPER" />
      </MavenGeneralSettings>
    </option>
  </component>
  <component name="ProjectColorInfo">{
  &quot;customColor&quot;: &quot;&quot;,
  &quot;associatedIndex&quot;: 7
}</component>
  <component name="ProjectId" id="2qvjO36JDtt8vVKzfWi2VNGlq6z" />
  <component name="ProjectViewState">
    <option name="hideEmptyMiddlePackages" value="true" />
    <option name="showLibraryContents" value="true" />
  </component>
  <component name="PropertiesComponent">{
  &quot;keyToString&quot;: {
    &quot;RequestMappingsPanelOrder0&quot;: &quot;0&quot;,
    &quot;RequestMappingsPanelOrder1&quot;: &quot;1&quot;,
    &quot;RequestMappingsPanelWidth0&quot;: &quot;75&quot;,
    &quot;RequestMappingsPanelWidth1&quot;: &quot;75&quot;,
    &quot;RunOnceActivity.ShowReadmeOnStart&quot;: &quot;true&quot;,
    &quot;Spring Boot.BankingApplication.executor&quot;: &quot;Run&quot;,
    &quot;ignore.virus.scanning.warn.message&quot;: &quot;true&quot;,
    &quot;kotlin-language-version-configured&quot;: &quot;true&quot;,
    &quot;node.js.detected.package.eslint&quot;: &quot;true&quot;,
    &quot;node.js.detected.package.tslint&quot;: &quot;true&quot;,
    &quot;node.js.selected.package.eslint&quot;: &quot;(autodetect)&quot;,
    &quot;node.js.selected.package.tslint&quot;: &quot;(autodetect)&quot;,
    &quot;nodejs_package_manager_path&quot;: &quot;npm&quot;,
    &quot;vue.rearranger.settings.migration&quot;: &quot;true&quot;
  }
}</component>
  <component name="RunManager">
    <configuration name="BankingApplication" type="SpringBootApplicationConfigurationType" factoryName="Spring Boot" nameIsGenerated="true">
      <module name="banking" />
      <option name="SPRING_BOOT_MAIN_CLASS" value="bank.com.banking.BankingApplication" />
      <method v="2">
        <option name="Make" enabled="true" />
      </method>
    </configuration>
  </component>
  <component name="SharedIndexes">
    <attachedChunks>
      <set>
        <option value="bundled-jdk-9823dce3aa75-fdfe4dae3a2d-intellij.indexing.shared.core-IU-243.22562.218" />
        <option value="bundled-js-predefined-d6986cc7102b-deb605915726-JavaScript-IU-243.22562.218" />
      </set>
    </attachedChunks>
  </component>
  <component name="SpellCheckerSettings" RuntimeDictionaries="0" Folders="0" CustomDictionaries="0" DefaultDictionary="application-level" UseSingleDictionary="true" transferred="true" />
  <component name="TaskManager">
    <task active="true" id="Default" summary="Default task">
      <changelist id="392928b4-4b9f-4994-8ef5-fe26a6afffa5" name="Changes" comment="" />
      <created>1735549910794</created>
      <option name="number" value="Default" />
      <option name="presentableId" value="Default" />
      <updated>1735549910794</updated>
      <workItem from="1735549912612" duration="4392000" />
      <workItem from="1735573807622" duration="6522000" />
      <workItem from="1735660963503" duration="5577000" />
      <workItem from="1735897991574" duration="2822000" />
    </task>
    <servers />
  </component>
  <component name="TypeScriptGeneratedFilesManager">
    <option name="version" value="3" />
  </component>
</project>